{
	"ImportPath": "github.com/mesos/mesos-go",
	"GoVersion": "go1.4.2",
	"Packages": [
		"./..."
	],
	"Deps": [
		{
			"ImportPath": "github.com/gogo/protobuf/proto",
			"Comment": "v0.1-55-g2093b57",
			"Rev": "2093b57e5ca2ccbee4626814100bc1aada691b18"
		},
		{
			"ImportPath": "github.com/golang/glog",
			"Rev": "d1c4472bf2efd3826f2b5bdcc02d8416798d678c"
		},
		{
			"ImportPath": "github.com/pborman/uuid",
			"Rev": "ca53cad383cad2479bbba7f7a1a05797ec1386e4"
		},
		{
			"ImportPath": "github.com/samuel/go-zookeeper/zk",
			"Rev": "177002e16a0061912f02377e2dd8951a8b3551bc"
		},
		{
			"ImportPath": "github.com/stretchr/objx",
			"Rev": "cbeaeb16a013161a98496fad62933b1d21786672"
		},
		{
			"ImportPath": "github.com/stretchr/testify/assert",
			"Comment": "v1.0-21-gf552045",
			"Rev": "f5520455607c0233cb6d7b056f71b22c1d265ef1"
		},
		{
			"ImportPath": "github.com/stretchr/testify/mock",
			"Comment": "v1.0-21-gf552045",
			"Rev": "f5520455607c0233cb6d7b056f71b22c1d265ef1"
		},
		{
			"ImportPath": "github.com/stretchr/testify/require",
			"Comment": "v1.0-21-gf552045",
			"Rev": "f5520455607c0233cb6d7b056f71b22c1d265ef1"
		},
		{
			"ImportPath": "github.com/stretchr/testify/suite",
			"Comment": "v1.0-21-gf552045",
			"Rev": "f5520455607c0233cb6d7b056f71b22c1d265ef1"
		},
		{
			"ImportPath": "golang.org/x/net/context",
			"Rev": "cbcac7bb8415db9b6cb4d1ebab1dc9afbd688b97"
		}
	]
}
