{
 "kind": "discovery#restDescription",
 "etag": "\"ye6orv2F-1npMW3u9suM3a7C5Bo/OHVieLZeuy09xJqQqoQRUmqVcEA\"",
 "discoveryVersion": "v1",
 "id": "playmoviespartner:v1",
 "name": "playmoviespartner",
 "version": "v1",
 "revision": "20150623",
 "title": "Google Play Movies Partner API",
 "description": "An API providing Google Play Movies Partners a way to get the delivery status of their titles.",
 "ownerDomain": "google.com",
 "ownerName": "Google",
 "icons": {
  "x16": "http://www.google.com/images/icons/product/search-16.gif",
  "x32": "http://www.google.com/images/icons/product/search-32.gif"
 },
 "documentationLink": "",
 "protocol": "rest",
 "baseUrl": "https://playmoviespartner.googleapis.com/",
 "basePath": "",
 "rootUrl": "https://playmoviespartner.googleapis.com/",
 "servicePath": "",
 "batchPath": "batch",
 "parameters": {
  "access_token": {
   "type": "string",
   "description": "OAuth access token.",
   "location": "query"
  },
  "alt": {
   "type": "string",
   "description": "Data format for response.",
   "default": "json",
   "enumDescriptions": [
    "Responses with Content-Type of application/json",
    "Media download with context-dependent Content-Type",
    "Responses with Content-Type of application/x-protobuf"
   ],
   "location": "query"
  },
  "bearer_token": {
   "type": "string",
   "description": "OAuth bearer token.",
   "location": "query"
  },
  "callback": {
   "type": "string",
   "description": "JSONP",
   "location": "query"
  },
  "fields": {
   "type": "string",
   "description": "Selector specifying which fields to include in a partial response.",
   "location": "query"
  },
  "key": {
   "type": "string",
   "description": "API key. Your API key identifies your project and provides you with API access, quota, and reports. Required unless you provide an OAuth 2.0 token.",
   "location": "query"
  },
  "oauth_token": {
   "type": "string",
   "description": "OAuth 2.0 token for the current user.",
   "location": "query"
  },
  "pp": {
   "type": "boolean",
   "description": "Pretty-print response.",
   "default": "true",
   "location": "query"
  },
  "prettyPrint": {
   "type": "boolean",
   "description": "Returns response with indentations and line breaks.",
   "default": "true",
   "location": "query"
  },
  "quotaUser": {
   "type": "string",
   "description": "Available to use for quota purposes for server-side applications. Can be any arbitrary string assigned to a user, but should not exceed 40 characters.",
   "location": "query"
  },
  "upload_protocol": {
   "type": "string",
   "description": "Upload protocol for media (e.g. \"raw\", \"multipart\").",
   "location": "query"
  },
  "uploadType": {
   "type": "string",
   "description": "Legacy upload protocol for media (e.g. \"media\", \"multipart\").",
   "location": "query"
  },
  "$.xgafv": {
   "type": "string",
   "description": "V1 error format.",
   "enumDescriptions": [
    "v1 error format",
    "v2 error format"
   ],
   "location": "query"
  }
 }
}
